{
  "type": "minecraft:mul",
  "argument1": 0.166666666666666666,
  "argument2": {
    "type": "minecraft:add",
    "argument1": {
      "type": "minecraft:add",
      "argument1": "nullscape:void/ring1_sync",
      "argument2":{
      "type": "minecraft:add",
      "argument1": "nullscape:void/ring2_sync",
      "argument2": "nullscape:void/ring3_sync"
    }
    },
    "argument2": {
      "type": "minecraft:add",
      "argument1": "nullscape:void/ring4_sync",
      "argument2": {
      "type": "minecraft:add",
      "argument1": "nullscape:void/ring5_sync",
      "argument2": "nullscape:void/ring6_sync"
    }
    }
  }
}
